PassengerId,Survived,Pclass,Sex,Age,SibSp,Parch,Fare,Embarked,Cabinletter
1,0,3,male,22.0,1,0,7.25,S,Missing
2,1,1,female,38.0,1,0,71.2833,C,C
3,1,3,female,26.0,0,0,7.925,S,Missing
4,1,1,female,35.0,1,0,53.1,S,C
5,0,3,male,35.0,0,0,8.05,S,Missing
6,0,3,male,51.0,0,0,8.4583,Q,Missing
7,0,1,male,54.0,0,0,51.8625,S,E
8,0,3,male,2.0,3,1,21.075,S,Missing
9,1,3,female,27.0,0,2,11.1333,S,Missing
10,1,2,female,14.0,1,0,30.0708,C,Missing
11,1,3,female,4.0,1,1,16.7,S,G
12,1,1,female,58.0,0,0,26.55,S,C
13,0,3,male,20.0,0,0,8.05,S,Missing
14,0,3,male,39.0,1,5,31.275,S,Missing
15,0,3,female,14.0,0,0,7.8542,S,Missing
16,1,2,female,55.0,0,0,16.0,S,Missing
17,0,3,male,2.0,4,1,29.125,Q,Missing
18,1,2,male,51.0,0,0,13.0,S,Missing
19,0,3,female,31.0,1,0,18.0,S,Missing
20,1,3,female,51.0,0,0,7.225,C,Missing
21,0,2,male,35.0,0,0,26.0,S,Missing
22,1,2,male,34.0,0,0,13.0,S,D
23,1,3,female,15.0,0,0,8.0292,Q,Missing
24,1,1,male,28.0,0,0,35.5,S,A
25,0,3,female,8.0,3,1,21.075,S,Missing
26,1,3,female,38.0,1,5,31.3875,S,Missing
27,0,3,male,51.0,0,0,7.225,C,Missing
28,0,1,male,19.0,3,2,263.0,S,C
29,1,3,female,51.0,0,0,7.8792,Q,Missing
30,0,3,male,51.0,0,0,7.8958,S,Missing
31,0,1,male,40.0,0,0,27.7208,C,Missing
32,1,1,female,51.0,1,0,146.5208,C,B
33,1,3,female,51.0,0,0,7.75,Q,Missing
34,0,2,male,66.0,0,0,10.5,S,Missing
35,0,1,male,28.0,1,0,82.1708,C,Missing
36,0,1,male,42.0,1,0,52.0,S,Missing
37,1,3,male,51.0,0,0,7.2292,C,Missing
38,0,3,male,21.0,0,0,8.05,S,Missing
39,0,3,female,18.0,2,0,18.0,S,Missing
40,1,3,female,14.0,1,0,11.2417,C,Missing
41,0,3,female,40.0,1,0,9.475,S,Missing
42,0,2,female,27.0,1,0,21.0,S,Missing
43,0,3,male,51.0,0,0,7.8958,C,Missing
44,1,2,female,3.0,1,2,41.5792,C,Missing
45,1,3,female,19.0,0,0,7.8792,Q,Missing
46,0,3,male,51.0,0,0,8.05,S,Missing
47,0,3,male,51.0,1,0,15.5,Q,Missing
48,1,3,female,51.0,0,0,7.75,Q,Missing
49,0,3,male,51.0,2,0,21.6792,C,Missing
50,0,3,female,18.0,1,0,17.8,S,Missing
51,0,3,male,7.0,4,1,39.6875,S,Missing
52,0,3,male,21.0,0,0,7.8,S,Missing
53,1,1,female,49.0,1,0,76.7292,C,D
54,1,2,female,29.0,1,0,26.0,S,Missing
55,0,1,male,65.0,0,1,61.9792,C,B
56,1,1,male,51.0,0,0,35.5,S,C
57,1,2,female,21.0,0,0,10.5,S,Missing
58,0,3,male,28.5,0,0,7.2292,C,Missing
59,1,2,female,5.0,1,2,27.75,S,Missing
60,0,3,male,11.0,5,2,46.9,S,Missing
61,0,3,male,22.0,0,0,7.2292,C,Missing
62,1,1,female,38.0,0,0,80.0,,B
63,0,1,male,45.0,1,0,83.475,S,C
64,0,3,male,4.0,3,2,27.9,S,Missing
65,0,1,male,51.0,0,0,27.7208,C,Missing
66,1,3,male,51.0,1,1,15.2458,C,Missing
67,1,2,female,29.0,0,0,10.5,S,F
68,0,3,male,19.0,0,0,8.1583,S,Missing
69,1,3,female,17.0,4,2,7.925,S,Missing
70,0,3,male,26.0,2,0,8.6625,S,Missing
71,0,2,male,32.0,0,0,10.5,S,Missing
72,0,3,female,16.0,5,2,46.9,S,Missing
73,0,2,male,21.0,0,0,73.5,S,Missing
74,0,3,male,26.0,1,0,14.4542,C,Missing
75,1,3,male,32.0,0,0,56.4958,S,Missing
76,0,3,male,25.0,0,0,7.65,S,F
77,0,3,male,51.0,0,0,7.8958,S,Missing
78,0,3,male,51.0,0,0,8.05,S,Missing
79,1,2,male,0.83,0,2,29.0,S,Missing
80,1,3,female,30.0,0,0,12.475,S,Missing
81,0,3,male,22.0,0,0,9.0,S,Missing
82,1,3,male,29.0,0,0,9.5,S,Missing
83,1,3,female,51.0,0,0,7.7875,Q,Missing
84,0,1,male,28.0,0,0,47.1,S,Missing
85,1,2,female,17.0,0,0,10.5,S,Missing
86,1,3,female,33.0,3,0,15.85,S,Missing
87,0,3,male,16.0,1,3,34.375,S,Missing
88,0,3,male,51.0,0,0,8.05,S,Missing
89,1,1,female,23.0,3,2,263.0,S,C
90,0,3,male,24.0,0,0,8.05,S,Missing
91,0,3,male,29.0,0,0,8.05,S,Missing
92,0,3,male,20.0,0,0,7.8542,S,Missing
93,0,1,male,46.0,1,0,61.175,S,E
94,0,3,male,26.0,1,2,20.575,S,Missing
95,0,3,male,59.0,0,0,7.25,S,Missing
96,0,3,male,51.0,0,0,8.05,S,Missing
97,0,1,male,71.0,0,0,34.6542,C,A
98,1,1,male,23.0,0,1,63.3583,C,D
99,1,2,female,34.0,0,1,23.0,S,Missing
100,0,2,male,34.0,1,0,26.0,S,Missing
101,0,3,female,28.0,0,0,7.8958,S,Missing
102,0,3,male,51.0,0,0,7.8958,S,Missing
103,0,1,male,21.0,0,1,77.2875,S,D
104,0,3,male,33.0,0,0,8.6542,S,Missing
105,0,3,male,37.0,2,0,7.925,S,Missing
106,0,3,male,28.0,0,0,7.8958,S,Missing
107,1,3,female,21.0,0,0,7.65,S,Missing
108,1,3,male,51.0,0,0,7.775,S,Missing
109,0,3,male,38.0,0,0,7.8958,S,Missing
110,1,3,female,51.0,1,0,24.15,Q,Missing
111,0,1,male,47.0,0,0,52.0,S,C
112,0,3,female,14.5,1,0,14.4542,C,Missing
113,0,3,male,22.0,0,0,8.05,S,Missing
114,0,3,female,20.0,1,0,9.825,S,Missing
115,0,3,female,17.0,0,0,14.4583,C,Missing
116,0,3,male,21.0,0,0,7.925,S,Missing
117,0,3,male,70.5,0,0,7.75,Q,Missing
118,0,2,male,29.0,1,0,21.0,S,Missing
119,0,1,male,24.0,0,1,247.5208,C,B
120,0,3,female,2.0,4,2,31.275,S,Missing
121,0,2,male,21.0,2,0,73.5,S,Missing
122,0,3,male,51.0,0,0,8.05,S,Missing
123,0,2,male,32.5,1,0,30.0708,C,Missing
124,1,2,female,32.5,0,0,13.0,S,E
125,0,1,male,54.0,0,1,77.2875,S,D
126,1,3,male,12.0,1,0,11.2417,C,Missing
127,0,3,male,51.0,0,0,7.75,Q,Missing
128,1,3,male,24.0,0,0,7.1417,S,Missing
129,1,3,female,51.0,1,1,22.3583,C,F
130,0,3,male,45.0,0,0,6.975,S,Missing
131,0,3,male,33.0,0,0,7.8958,C,Missing
132,0,3,male,20.0,0,0,7.05,S,Missing
133,0,3,female,47.0,1,0,14.5,S,Missing
134,1,2,female,29.0,1,0,26.0,S,Missing
135,0,2,male,25.0,0,0,13.0,S,Missing
136,0,2,male,23.0,0,0,15.0458,C,Missing
137,1,1,female,19.0,0,2,26.2833,S,D
138,0,1,male,37.0,1,0,53.1,S,C
139,0,3,male,16.0,0,0,9.2167,S,Missing
140,0,1,male,24.0,0,0,79.2,C,B
141,0,3,female,51.0,0,2,15.2458,C,Missing
142,1,3,female,22.0,0,0,7.75,S,Missing
143,1,3,female,24.0,1,0,15.85,S,Missing
144,0,3,male,19.0,0,0,6.75,Q,Missing
145,0,2,male,18.0,0,0,11.5,S,Missing
146,0,2,male,19.0,1,1,36.75,S,Missing
147,1,3,male,27.0,0,0,7.7958,S,Missing
148,0,3,female,9.0,2,2,34.375,S,Missing
149,0,2,male,36.5,0,2,26.0,S,F
150,0,2,male,42.0,0,0,13.0,S,Missing
151,0,2,male,51.0,0,0,12.525,S,Missing
152,1,1,female,22.0,1,0,66.6,S,C
153,0,3,male,55.5,0,0,8.05,S,Missing
154,0,3,male,40.5,0,2,14.5,S,Missing
155,0,3,male,51.0,0,0,7.3125,S,Missing
156,0,1,male,51.0,0,1,61.3792,C,Missing
157,1,3,female,16.0,0,0,7.7333,Q,Missing
158,0,3,male,30.0,0,0,8.05,S,Missing
159,0,3,male,51.0,0,0,8.6625,S,Missing
160,0,3,male,51.0,8,2,69.55,S,Missing
161,0,3,male,44.0,0,1,16.1,S,Missing
162,1,2,female,40.0,0,0,15.75,S,Missing
163,0,3,male,26.0,0,0,7.775,S,Missing
164,0,3,male,17.0,0,0,8.6625,S,Missing
165,0,3,male,1.0,4,1,39.6875,S,Missing
166,1,3,male,9.0,0,2,20.525,S,Missing
167,1,1,female,51.0,0,1,55.0,S,E
168,0,3,female,45.0,1,4,27.9,S,Missing
169,0,1,male,51.0,0,0,25.925,S,Missing
170,0,3,male,28.0,0,0,56.4958,S,Missing
171,0,1,male,61.0,0,0,33.5,S,B
172,0,3,male,4.0,4,1,29.125,Q,Missing
173,1,3,female,1.0,1,1,11.1333,S,Missing
174,0,3,male,21.0,0,0,7.925,S,Missing
175,0,1,male,56.0,0,0,30.6958,C,A
176,0,3,male,18.0,1,1,7.8542,S,Missing
177,0,3,male,51.0,3,1,25.4667,S,Missing
178,0,1,female,50.0,0,0,28.7125,C,C
179,0,2,male,30.0,0,0,13.0,S,Missing
180,0,3,male,36.0,0,0,0.0,S,Missing
181,0,3,female,51.0,8,2,69.55,S,Missing
182,0,2,male,51.0,0,0,15.05,C,Missing
183,0,3,male,9.0,4,2,31.3875,S,Missing
184,1,2,male,1.0,2,1,39.0,S,F
185,1,3,female,4.0,0,2,22.025,S,Missing
186,0,1,male,51.0,0,0,50.0,S,A
187,1,3,female,51.0,1,0,15.5,Q,Missing
188,1,1,male,45.0,0,0,26.55,S,Missing
189,0,3,male,40.0,1,1,15.5,Q,Missing
190,0,3,male,36.0,0,0,7.8958,S,Missing
191,1,2,female,32.0,0,0,13.0,S,Missing
192,0,2,male,19.0,0,0,13.0,S,Missing
193,1,3,female,19.0,1,0,7.8542,S,Missing
194,1,2,male,3.0,1,1,26.0,S,F
195,1,1,female,44.0,0,0,27.7208,C,B
196,1,1,female,58.0,0,0,146.5208,C,B
197,0,3,male,51.0,0,0,7.75,Q,Missing
198,0,3,male,42.0,0,1,8.4042,S,Missing
199,1,3,female,51.0,0,0,7.75,Q,Missing
200,0,2,female,24.0,0,0,13.0,S,Missing
201,0,3,male,28.0,0,0,9.5,S,Missing
202,0,3,male,51.0,8,2,69.55,S,Missing
203,0,3,male,34.0,0,0,6.4958,S,Missing
204,0,3,male,45.5,0,0,7.225,C,Missing
205,1,3,male,18.0,0,0,8.05,S,Missing
206,0,3,female,2.0,0,1,10.4625,S,G
207,0,3,male,32.0,1,0,15.85,S,Missing
208,1,3,male,26.0,0,0,18.7875,C,Missing
209,1,3,female,16.0,0,0,7.75,Q,Missing
210,1,1,male,40.0,0,0,31.0,C,A
211,0,3,male,24.0,0,0,7.05,S,Missing
212,1,2,female,35.0,0,0,21.0,S,Missing
213,0,3,male,22.0,0,0,7.25,S,Missing
214,0,2,male,30.0,0,0,13.0,S,Missing
215,0,3,male,51.0,1,0,7.75,Q,Missing
216,1,1,female,31.0,1,0,113.275,C,D
217,1,3,female,27.0,0,0,7.925,S,Missing
218,0,2,male,42.0,1,0,27.0,S,Missing
219,1,1,female,32.0,0,0,76.2917,C,D
220,0,2,male,30.0,0,0,10.5,S,Missing
221,1,3,male,16.0,0,0,8.05,S,Missing
222,0,2,male,27.0,0,0,13.0,S,Missing
223,0,3,male,51.0,0,0,8.05,S,Missing
224,0,3,male,51.0,0,0,7.8958,S,Missing
225,1,1,male,38.0,1,0,90.0,S,C
226,0,3,male,22.0,0,0,9.35,S,Missing
227,1,2,male,19.0,0,0,10.5,S,Missing
228,0,3,male,20.5,0,0,7.25,S,Missing
229,0,2,male,18.0,0,0,13.0,S,Missing
230,0,3,female,51.0,3,1,25.4667,S,Missing
231,1,1,female,35.0,1,0,83.475,S,C
232,0,3,male,29.0,0,0,7.775,S,Missing
233,0,2,male,59.0,0,0,13.5,S,Missing
234,1,3,female,5.0,4,2,31.3875,S,Missing
235,0,2,male,24.0,0,0,10.5,S,Missing
236,0,3,female,51.0,0,0,7.55,S,Missing
237,0,2,male,44.0,1,0,26.0,S,Missing
238,1,2,female,8.0,0,2,26.25,S,Missing
239,0,2,male,19.0,0,0,10.5,S,Missing
240,0,2,male,33.0,0,0,12.275,S,Missing
241,0,3,female,51.0,1,0,14.4542,C,Missing
242,1,3,female,51.0,1,0,15.5,Q,Missing
243,0,2,male,29.0,0,0,10.5,S,Missing
244,0,3,male,22.0,0,0,7.125,S,Missing
245,0,3,male,30.0,0,0,7.225,C,Missing
246,0,1,male,44.0,2,0,90.0,Q,C
247,0,3,female,25.0,0,0,7.775,S,Missing
248,1,2,female,24.0,0,2,14.5,S,Missing
249,1,1,male,37.0,1,1,52.5542,S,D
250,0,2,male,54.0,1,0,26.0,S,Missing
251,0,3,male,51.0,0,0,7.25,S,Missing
252,0,3,female,29.0,1,1,10.4625,S,G
253,0,1,male,62.0,0,0,26.55,S,C
254,0,3,male,30.0,1,0,16.1,S,Missing
255,0,3,female,41.0,0,2,20.2125,S,Missing
256,1,3,female,29.0,0,2,15.2458,C,Missing
257,1,1,female,51.0,0,0,79.2,C,Missing
258,1,1,female,30.0,0,0,86.5,S,B
259,1,1,female,35.0,0,0,512.3292,C,Missing
260,1,2,female,50.0,0,1,26.0,S,Missing
261,0,3,male,51.0,0,0,7.75,Q,Missing
262,1,3,male,3.0,4,2,31.3875,S,Missing
263,0,1,male,52.0,1,1,79.65,S,E
264,0,1,male,40.0,0,0,0.0,S,B
265,0,3,female,51.0,0,0,7.75,Q,Missing
266,0,2,male,36.0,0,0,10.5,S,Missing
267,0,3,male,16.0,4,1,39.6875,S,Missing
268,1,3,male,25.0,1,0,7.775,S,Missing
269,1,1,female,58.0,0,1,153.4625,S,C
270,1,1,female,35.0,0,0,135.6333,S,C
271,0,1,male,51.0,0,0,31.0,S,Missing
272,1,3,male,25.0,0,0,0.0,S,Missing
273,1,2,female,41.0,0,1,19.5,S,Missing
274,0,1,male,37.0,0,1,29.7,C,C
275,1,3,female,51.0,0,0,7.75,Q,Missing
276,1,1,female,63.0,1,0,77.9583,S,D
277,0,3,female,45.0,0,0,7.75,S,Missing
278,0,2,male,51.0,0,0,0.0,S,Missing
279,0,3,male,7.0,4,1,29.125,Q,Missing
280,1,3,female,35.0,1,1,20.25,S,Missing
281,0,3,male,65.0,0,0,7.75,Q,Missing
282,0,3,male,28.0,0,0,7.8542,S,Missing
283,0,3,male,16.0,0,0,9.5,S,Missing
284,1,3,male,19.0,0,0,8.05,S,Missing
285,0,1,male,51.0,0,0,26.0,S,A
286,0,3,male,33.0,0,0,8.6625,C,Missing
287,1,3,male,30.0,0,0,9.5,S,Missing
288,0,3,male,22.0,0,0,7.8958,S,Missing
289,1,2,male,42.0,0,0,13.0,S,Missing
290,1,3,female,22.0,0,0,7.75,Q,Missing
291,1,1,female,26.0,0,0,78.85,S,Missing
292,1,1,female,19.0,1,0,91.0792,C,B
293,0,2,male,36.0,0,0,12.875,C,D
294,0,3,female,24.0,0,0,8.85,S,Missing
295,0,3,male,24.0,0,0,7.8958,S,Missing
296,0,1,male,51.0,0,0,27.7208,C,Missing
297,0,3,male,23.5,0,0,7.2292,C,Missing
298,0,1,female,2.0,1,2,151.55,S,C
299,1,1,male,51.0,0,0,30.5,S,C
300,1,1,female,50.0,0,1,247.5208,C,B
301,1,3,female,51.0,0,0,7.75,Q,Missing
302,1,3,male,51.0,2,0,23.25,Q,Missing
303,0,3,male,19.0,0,0,0.0,S,Missing
304,1,2,female,51.0,0,0,12.35,Q,E
305,0,3,male,51.0,0,0,8.05,S,Missing
306,1,1,male,0.92,1,2,151.55,S,C
307,1,1,female,51.0,0,0,110.8833,C,Missing
308,1,1,female,17.0,1,0,108.9,C,C
309,0,2,male,30.0,1,0,24.0,C,Missing
310,1,1,female,30.0,0,0,56.9292,C,E
311,1,1,female,24.0,0,0,83.1583,C,C
312,1,1,female,18.0,2,2,262.375,C,B
313,0,2,female,26.0,1,1,26.0,S,Missing
314,0,3,male,28.0,0,0,7.8958,S,Missing
315,0,2,male,43.0,1,1,26.25,S,Missing
316,1,3,female,26.0,0,0,7.8542,S,Missing
317,1,2,female,24.0,1,0,26.0,S,Missing
318,0,2,male,54.0,0,0,14.0,S,Missing
319,1,1,female,31.0,0,2,164.8667,S,C
320,1,1,female,40.0,1,1,134.5,C,E
321,0,3,male,22.0,0,0,7.25,S,Missing
322,0,3,male,27.0,0,0,7.8958,S,Missing
323,1,2,female,30.0,0,0,12.35,Q,Missing
324,1,2,female,22.0,1,1,29.0,S,Missing
325,0,3,male,51.0,8,2,69.55,S,Missing
326,1,1,female,36.0,0,0,135.6333,C,C
327,0,3,male,61.0,0,0,6.2375,S,Missing
328,1,2,female,36.0,0,0,13.0,S,D
329,1,3,female,31.0,1,1,20.525,S,Missing
330,1,1,female,16.0,0,1,57.9792,C,B
331,1,3,female,51.0,2,0,23.25,Q,Missing
332,0,1,male,45.5,0,0,28.5,S,C
333,0,1,male,38.0,0,1,153.4625,S,C
334,0,3,male,16.0,2,0,18.0,S,Missing
335,1,1,female,51.0,1,0,133.65,S,Missing
336,0,3,male,51.0,0,0,7.8958,S,Missing
337,0,1,male,29.0,1,0,66.6,S,C
338,1,1,female,41.0,0,0,134.5,C,E
339,1,3,male,45.0,0,0,8.05,S,Missing
340,0,1,male,45.0,0,0,35.5,S,T
341,1,2,male,2.0,1,1,26.0,S,F
342,1,1,female,24.0,3,2,263.0,S,C
343,0,2,male,28.0,0,0,13.0,S,Missing
344,0,2,male,25.0,0,0,13.0,S,Missing
345,0,2,male,36.0,0,0,13.0,S,Missing
346,1,2,female,24.0,0,0,13.0,S,F
347,1,2,female,40.0,0,0,13.0,S,Missing
348,1,3,female,51.0,1,0,16.1,S,Missing
349,1,3,male,3.0,1,1,15.9,S,Missing
350,0,3,male,42.0,0,0,8.6625,S,Missing
351,0,3,male,23.0,0,0,9.225,S,Missing
352,0,1,male,51.0,0,0,35.0,S,C
353,0,3,male,15.0,1,1,7.2292,C,Missing
354,0,3,male,25.0,1,0,17.8,S,Missing
355,0,3,male,51.0,0,0,7.225,C,Missing
356,0,3,male,28.0,0,0,9.5,S,Missing
357,1,1,female,22.0,0,1,55.0,S,E
358,0,2,female,38.0,0,0,13.0,S,Missing
359,1,3,female,51.0,0,0,7.8792,Q,Missing
360,1,3,female,51.0,0,0,7.8792,Q,Missing
361,0,3,male,40.0,1,4,27.9,S,Missing
362,0,2,male,29.0,1,0,27.7208,C,Missing
363,0,3,female,45.0,0,1,14.4542,C,Missing
364,0,3,male,35.0,0,0,7.05,S,Missing
365,0,3,male,51.0,1,0,15.5,Q,Missing
366,0,3,male,30.0,0,0,7.25,S,Missing
367,1,1,female,60.0,1,0,75.25,C,D
368,1,3,female,51.0,0,0,7.2292,C,Missing
369,1,3,female,51.0,0,0,7.75,Q,Missing
370,1,1,female,24.0,0,0,69.3,C,B
371,1,1,male,25.0,1,0,55.4417,C,E
372,0,3,male,18.0,1,0,6.4958,S,Missing
373,0,3,male,19.0,0,0,8.05,S,Missing
374,0,1,male,22.0,0,0,135.6333,C,Missing
375,0,3,female,3.0,3,1,21.075,S,Missing
376,1,1,female,51.0,1,0,82.1708,C,Missing
377,1,3,female,22.0,0,0,7.25,S,Missing
378,0,1,male,27.0,0,2,211.5,C,C
379,0,3,male,20.0,0,0,4.0125,C,Missing
380,0,3,male,19.0,0,0,7.775,S,Missing
381,1,1,female,42.0,0,0,227.525,C,Missing
382,1,3,female,1.0,0,2,15.7417,C,Missing
383,0,3,male,32.0,0,0,7.925,S,Missing
384,1,1,female,35.0,1,0,52.0,S,Missing
385,0,3,male,51.0,0,0,7.8958,S,Missing
386,0,2,male,18.0,0,0,73.5,S,Missing
387,0,3,male,1.0,5,2,46.9,S,Missing
388,1,2,female,36.0,0,0,13.0,S,Missing
389,0,3,male,51.0,0,0,7.7292,Q,Missing
390,1,2,female,17.0,0,0,12.0,C,Missing
391,1,1,male,36.0,1,2,120.0,S,B
392,1,3,male,21.0,0,0,7.7958,S,Missing
393,0,3,male,28.0,2,0,7.925,S,Missing
394,1,1,female,23.0,1,0,113.275,C,D
395,1,3,female,24.0,0,2,16.7,S,G
396,0,3,male,22.0,0,0,7.7958,S,Missing
397,0,3,female,31.0,0,0,7.8542,S,Missing
398,0,2,male,46.0,0,0,26.0,S,Missing
399,0,2,male,23.0,0,0,10.5,S,Missing
400,1,2,female,28.0,0,0,12.65,S,Missing
401,1,3,male,39.0,0,0,7.925,S,Missing
402,0,3,male,26.0,0,0,8.05,S,Missing
403,0,3,female,21.0,1,0,9.825,S,Missing
404,0,3,male,28.0,1,0,15.85,S,Missing
405,0,3,female,20.0,0,0,8.6625,S,Missing
406,0,2,male,34.0,1,0,21.0,S,Missing
407,0,3,male,51.0,0,0,7.75,S,Missing
408,1,2,male,3.0,1,1,18.75,S,Missing
409,0,3,male,21.0,0,0,7.775,S,Missing
410,0,3,female,51.0,3,1,25.4667,S,Missing
411,0,3,male,51.0,0,0,7.8958,S,Missing
412,0,3,male,51.0,0,0,6.8583,Q,Missing
413,1,1,female,33.0,1,0,90.0,Q,C
414,0,2,male,51.0,0,0,0.0,S,Missing
415,1,3,male,44.0,0,0,7.925,S,Missing
416,0,3,female,51.0,0,0,8.05,S,Missing
417,1,2,female,34.0,1,1,32.5,S,Missing
418,1,2,female,18.0,0,2,13.0,S,Missing
419,0,2,male,30.0,0,0,13.0,S,Missing
420,0,3,female,10.0,0,2,24.15,S,Missing
421,0,3,male,51.0,0,0,7.8958,C,Missing
422,0,3,male,21.0,0,0,7.7333,Q,Missing
423,0,3,male,29.0,0,0,7.875,S,Missing
424,0,3,female,28.0,1,1,14.4,S,Missing
425,0,3,male,18.0,1,1,20.2125,S,Missing
426,0,3,male,51.0,0,0,7.25,S,Missing
427,1,2,female,28.0,1,0,26.0,S,Missing
428,1,2,female,19.0,0,0,26.0,S,Missing
429,0,3,male,51.0,0,0,7.75,Q,Missing
430,1,3,male,32.0,0,0,8.05,S,E
431,1,1,male,28.0,0,0,26.55,S,C
432,1,3,female,51.0,1,0,16.1,S,Missing
433,1,2,female,42.0,1,0,26.0,S,Missing
434,0,3,male,17.0,0,0,7.125,S,Missing
435,0,1,male,50.0,1,0,55.9,S,E
436,1,1,female,14.0,1,2,120.0,S,B
437,0,3,female,21.0,2,2,34.375,S,Missing
438,1,2,female,24.0,2,3,18.75,S,Missing
439,0,1,male,64.0,1,4,263.0,S,C
440,0,2,male,31.0,0,0,10.5,S,Missing
441,1,2,female,45.0,1,1,26.25,S,Missing
442,0,3,male,20.0,0,0,9.5,S,Missing
443,0,3,male,25.0,1,0,7.775,S,Missing
444,1,2,female,28.0,0,0,13.0,S,Missing
445,1,3,male,51.0,0,0,8.1125,S,Missing
446,1,1,male,4.0,0,2,81.8583,S,A
447,1,2,female,13.0,0,1,19.5,S,Missing
448,1,1,male,34.0,0,0,26.55,S,Missing
449,1,3,female,5.0,2,1,19.2583,C,Missing
450,1,1,male,52.0,0,0,30.5,S,C
451,0,2,male,36.0,1,2,27.75,S,Missing
452,0,3,male,51.0,1,0,19.9667,S,Missing
453,0,1,male,30.0,0,0,27.75,C,C
454,1,1,male,49.0,1,0,89.1042,C,C
455,0,3,male,51.0,0,0,8.05,S,Missing
456,1,3,male,29.0,0,0,7.8958,C,Missing
457,0,1,male,65.0,0,0,26.55,S,E
458,1,1,female,51.0,1,0,51.8625,S,D
459,1,2,female,50.0,0,0,10.5,S,Missing
460,0,3,male,51.0,0,0,7.75,Q,Missing
461,1,1,male,48.0,0,0,26.55,S,E
462,0,3,male,34.0,0,0,8.05,S,Missing
463,0,1,male,47.0,0,0,38.5,S,E
464,0,2,male,48.0,0,0,13.0,S,Missing
465,0,3,male,51.0,0,0,8.05,S,Missing
466,0,3,male,38.0,0,0,7.05,S,Missing
467,0,2,male,51.0,0,0,0.0,S,Missing
468,0,1,male,56.0,0,0,26.55,S,Missing
469,0,3,male,51.0,0,0,7.725,Q,Missing
470,1,3,female,0.75,2,1,19.2583,C,Missing
471,0,3,male,51.0,0,0,7.25,S,Missing
472,0,3,male,38.0,0,0,8.6625,S,Missing
473,1,2,female,33.0,1,2,27.75,S,Missing
474,1,2,female,23.0,0,0,13.7917,C,D
475,0,3,female,22.0,0,0,9.8375,S,Missing
476,0,1,male,51.0,0,0,52.0,S,A
477,0,2,male,34.0,1,0,21.0,S,Missing
478,0,3,male,29.0,1,0,7.0458,S,Missing
479,0,3,male,22.0,0,0,7.5208,S,Missing
480,1,3,female,2.0,0,1,12.2875,S,Missing
481,0,3,male,9.0,5,2,46.9,S,Missing
482,0,2,male,51.0,0,0,0.0,S,Missing
483,0,3,male,50.0,0,0,8.05,S,Missing
484,1,3,female,63.0,0,0,9.5875,S,Missing
485,1,1,male,25.0,1,0,91.0792,C,B
486,0,3,female,51.0,3,1,25.4667,S,Missing
487,1,1,female,35.0,1,0,90.0,S,C
488,0,1,male,58.0,0,0,29.7,C,B
489,0,3,male,30.0,0,0,8.05,S,Missing
490,1,3,male,9.0,1,1,15.9,S,Missing
491,0,3,male,51.0,1,0,19.9667,S,Missing
492,0,3,male,21.0,0,0,7.25,S,Missing
493,0,1,male,55.0,0,0,30.5,S,C
494,0,1,male,71.0,0,0,49.5042,C,Missing
495,0,3,male,21.0,0,0,8.05,S,Missing
496,0,3,male,51.0,0,0,14.4583,C,Missing
497,1,1,female,54.0,1,0,78.2667,C,D
498,0,3,male,51.0,0,0,15.1,S,Missing
499,0,1,female,25.0,1,2,151.55,S,C
500,0,3,male,24.0,0,0,7.7958,S,Missing
501,0,3,male,17.0,0,0,8.6625,S,Missing
502,0,3,female,21.0,0,0,7.75,Q,Missing
503,0,3,female,51.0,0,0,7.6292,Q,Missing
504,0,3,female,37.0,0,0,9.5875,S,Missing
505,1,1,female,16.0,0,0,86.5,S,B
506,0,1,male,18.0,1,0,108.9,C,C
507,1,2,female,33.0,0,2,26.0,S,Missing
508,1,1,male,51.0,0,0,26.55,S,Missing
509,0,3,male,28.0,0,0,22.525,S,Missing
510,1,3,male,26.0,0,0,56.4958,S,Missing
511,1,3,male,29.0,0,0,7.75,Q,Missing
512,0,3,male,51.0,0,0,8.05,S,Missing
513,1,1,male,36.0,0,0,26.2875,S,E
514,1,1,female,54.0,1,0,59.4,C,Missing
515,0,3,male,24.0,0,0,7.4958,S,Missing
516,0,1,male,47.0,0,0,34.0208,S,D
517,1,2,female,34.0,0,0,10.5,S,F
518,0,3,male,51.0,0,0,24.15,Q,Missing
519,1,2,female,36.0,1,0,26.0,S,Missing
520,0,3,male,32.0,0,0,7.8958,S,Missing
521,1,1,female,30.0,0,0,93.5,S,B
522,0,3,male,22.0,0,0,7.8958,S,Missing
523,0,3,male,51.0,0,0,7.225,C,Missing
524,1,1,female,44.0,0,1,57.9792,C,B
525,0,3,male,51.0,0,0,7.2292,C,Missing
526,0,3,male,40.5,0,0,7.75,Q,Missing
527,1,2,female,50.0,0,0,10.5,S,Missing
528,0,1,male,51.0,0,0,221.7792,S,C
529,0,3,male,39.0,0,0,7.925,S,Missing
530,0,2,male,23.0,2,1,11.5,S,Missing
531,1,2,female,2.0,1,1,26.0,S,Missing
532,0,3,male,51.0,0,0,7.2292,C,Missing
533,0,3,male,17.0,1,1,7.2292,C,Missing
534,1,3,female,51.0,0,2,22.3583,C,Missing
535,0,3,female,30.0,0,0,8.6625,S,Missing
536,1,2,female,7.0,0,2,26.25,S,Missing
537,0,1,male,45.0,0,0,26.55,S,B
538,1,1,female,30.0,0,0,106.425,C,Missing
539,0,3,male,51.0,0,0,14.5,S,Missing
540,1,1,female,22.0,0,2,49.5,C,B
541,1,1,female,36.0,0,2,71.0,S,B
542,0,3,female,9.0,4,2,31.275,S,Missing
543,0,3,female,11.0,4,2,31.275,S,Missing
544,1,2,male,32.0,1,0,26.0,S,Missing
545,0,1,male,50.0,1,0,106.425,C,C
546,0,1,male,64.0,0,0,26.0,S,Missing
547,1,2,female,19.0,1,0,26.0,S,Missing
548,1,2,male,51.0,0,0,13.8625,C,Missing
549,0,3,male,33.0,1,1,20.525,S,Missing
550,1,2,male,8.0,1,1,36.75,S,Missing
551,1,1,male,17.0,0,2,110.8833,C,C
552,0,2,male,27.0,0,0,26.0,S,Missing
553,0,3,male,51.0,0,0,7.8292,Q,Missing
554,1,3,male,22.0,0,0,7.225,C,Missing
555,1,3,female,22.0,0,0,7.775,S,Missing
556,0,1,male,62.0,0,0,26.55,S,Missing
557,1,1,female,48.0,1,0,39.6,C,A
558,0,1,male,51.0,0,0,227.525,C,Missing
559,1,1,female,39.0,1,1,79.65,S,E
560,1,3,female,36.0,1,0,17.4,S,Missing
561,0,3,male,51.0,0,0,7.75,Q,Missing
562,0,3,male,40.0,0,0,7.8958,S,Missing
563,0,2,male,28.0,0,0,13.5,S,Missing
564,0,3,male,51.0,0,0,8.05,S,Missing
565,0,3,female,51.0,0,0,8.05,S,Missing
566,0,3,male,24.0,2,0,24.15,S,Missing
567,0,3,male,19.0,0,0,7.8958,S,Missing
568,0,3,female,29.0,0,4,21.075,S,Missing
569,0,3,male,51.0,0,0,7.2292,C,Missing
570,1,3,male,32.0,0,0,7.8542,S,Missing
571,1,2,male,62.0,0,0,10.5,S,Missing
572,1,1,female,53.0,2,0,51.4792,S,C
573,1,1,male,36.0,0,0,26.3875,S,E
574,1,3,female,51.0,0,0,7.75,Q,Missing
575,0,3,male,16.0,0,0,8.05,S,Missing
576,0,3,male,19.0,0,0,14.5,S,Missing
577,1,2,female,34.0,0,0,13.0,S,Missing
578,1,1,female,39.0,1,0,55.9,S,E
579,0,3,female,51.0,1,0,14.4583,C,Missing
580,1,3,male,32.0,0,0,7.925,S,Missing
581,1,2,female,25.0,1,1,30.0,S,Missing
582,1,1,female,39.0,1,1,110.8833,C,C
583,0,2,male,54.0,0,0,26.0,S,Missing
584,0,1,male,36.0,0,0,40.125,C,A
585,0,3,male,51.0,0,0,8.7125,C,Missing
586,1,1,female,18.0,0,2,79.65,S,E
587,0,2,male,47.0,0,0,15.0,S,Missing
588,1,1,male,60.0,1,1,79.2,C,B
589,0,3,male,22.0,0,0,8.05,S,Missing
590,0,3,male,51.0,0,0,8.05,S,Missing
591,0,3,male,35.0,0,0,7.125,S,Missing
592,1,1,female,52.0,1,0,78.2667,C,D
593,0,3,male,47.0,0,0,7.25,S,Missing
594,0,3,female,51.0,0,2,7.75,Q,Missing
595,0,2,male,37.0,1,0,26.0,S,Missing
596,0,3,male,36.0,1,1,24.15,S,Missing
597,1,2,female,51.0,0,0,33.0,S,Missing
598,0,3,male,49.0,0,0,0.0,S,Missing
599,0,3,male,51.0,0,0,7.225,C,Missing
600,1,1,male,49.0,1,0,56.9292,C,A
601,1,2,female,24.0,2,1,27.0,S,Missing
602,0,3,male,51.0,0,0,7.8958,S,Missing
603,0,1,male,51.0,0,0,42.4,S,Missing
604,0,3,male,44.0,0,0,8.05,S,Missing
605,1,1,male,35.0,0,0,26.55,C,Missing
606,0,3,male,36.0,1,0,15.55,S,Missing
607,0,3,male,30.0,0,0,7.8958,S,Missing
608,1,1,male,27.0,0,0,30.5,S,Missing
609,1,2,female,22.0,1,2,41.5792,C,Missing
610,1,1,female,40.0,0,0,153.4625,S,C
611,0,3,female,39.0,1,5,31.275,S,Missing
612,0,3,male,51.0,0,0,7.05,S,Missing
613,1,3,female,51.0,1,0,15.5,Q,Missing
614,0,3,male,51.0,0,0,7.75,Q,Missing
615,0,3,male,35.0,0,0,8.05,S,Missing
616,1,2,female,24.0,1,2,65.0,S,Missing
617,0,3,male,34.0,1,1,14.4,S,Missing
618,0,3,female,26.0,1,0,16.1,S,Missing
619,1,2,female,4.0,2,1,39.0,S,F
620,0,2,male,26.0,0,0,10.5,S,Missing
621,0,3,male,27.0,1,0,14.4542,C,Missing
622,1,1,male,42.0,1,0,52.5542,S,D
623,1,3,male,20.0,1,1,15.7417,C,Missing
624,0,3,male,21.0,0,0,7.8542,S,Missing
625,0,3,male,21.0,0,0,16.1,S,Missing
626,0,1,male,61.0,0,0,32.3208,S,D
627,0,2,male,57.0,0,0,12.35,Q,Missing
628,1,1,female,21.0,0,0,77.9583,S,D
629,0,3,male,26.0,0,0,7.8958,S,Missing
630,0,3,male,51.0,0,0,7.7333,Q,Missing
631,1,1,male,80.0,0,0,30.0,S,A
632,0,3,male,51.0,0,0,7.0542,S,Missing
633,1,1,male,32.0,0,0,30.5,C,B
634,0,1,male,51.0,0,0,0.0,S,Missing
635,0,3,female,9.0,3,2,27.9,S,Missing
636,1,2,female,28.0,0,0,13.0,S,Missing
637,0,3,male,32.0,0,0,7.925,S,Missing
638,0,2,male,31.0,1,1,26.25,S,Missing
639,0,3,female,41.0,0,5,39.6875,S,Missing
640,0,3,male,51.0,1,0,16.1,S,Missing
641,0,3,male,20.0,0,0,7.8542,S,Missing
642,1,1,female,24.0,0,0,69.3,C,B
643,0,3,female,2.0,3,2,27.9,S,Missing
644,1,3,male,51.0,0,0,56.4958,S,Missing
645,1,3,female,0.75,2,1,19.2583,C,Missing
646,1,1,male,48.0,1,0,76.7292,C,D
647,0,3,male,19.0,0,0,7.8958,S,Missing
648,1,1,male,56.0,0,0,35.5,C,A
649,0,3,male,51.0,0,0,7.55,S,Missing
650,1,3,female,23.0,0,0,7.55,S,Missing
651,0,3,male,51.0,0,0,7.8958,S,Missing
652,1,2,female,18.0,0,1,23.0,S,Missing
653,0,3,male,21.0,0,0,8.4333,S,Missing
654,1,3,female,51.0,0,0,7.8292,Q,Missing
655,0,3,female,18.0,0,0,6.75,Q,Missing
656,0,2,male,24.0,2,0,73.5,S,Missing
657,0,3,male,51.0,0,0,7.8958,S,Missing
658,0,3,female,32.0,1,1,15.5,Q,Missing
659,0,2,male,23.0,0,0,13.0,S,Missing
660,0,1,male,58.0,0,2,113.275,C,D
661,1,1,male,50.0,2,0,133.65,S,Missing
662,0,3,male,40.0,0,0,7.225,C,Missing
663,0,1,male,47.0,0,0,25.5875,S,E
664,0,3,male,36.0,0,0,7.4958,S,Missing
665,1,3,male,20.0,1,0,7.925,S,Missing
666,0,2,male,32.0,2,0,73.5,S,Missing
667,0,2,male,25.0,0,0,13.0,S,Missing
668,0,3,male,51.0,0,0,7.775,S,Missing
669,0,3,male,43.0,0,0,8.05,S,Missing
670,1,1,female,51.0,1,0,52.0,S,C
671,1,2,female,40.0,1,1,39.0,S,Missing
672,0,1,male,31.0,1,0,52.0,S,B
673,0,2,male,70.0,0,0,10.5,S,Missing
674,1,2,male,31.0,0,0,13.0,S,Missing
675,0,2,male,51.0,0,0,0.0,S,Missing
676,0,3,male,18.0,0,0,7.775,S,Missing
677,0,3,male,24.5,0,0,8.05,S,Missing
678,1,3,female,18.0,0,0,9.8417,S,Missing
679,0,3,female,43.0,1,6,46.9,S,Missing
680,1,1,male,36.0,0,1,512.3292,C,B
681,0,3,female,51.0,0,0,8.1375,Q,Missing
682,1,1,male,27.0,0,0,76.7292,C,D
683,0,3,male,20.0,0,0,9.225,S,Missing
684,0,3,male,14.0,5,2,46.9,S,Missing
685,0,2,male,60.0,1,1,39.0,S,Missing
686,0,2,male,25.0,1,2,41.5792,C,Missing
687,0,3,male,14.0,4,1,39.6875,S,Missing
688,0,3,male,19.0,0,0,10.1708,S,Missing
689,0,3,male,18.0,0,0,7.7958,S,Missing
690,1,1,female,15.0,0,1,211.3375,S,B
691,1,1,male,31.0,1,0,57.0,S,B
692,1,3,female,4.0,0,1,13.4167,C,Missing
693,1,3,male,51.0,0,0,56.4958,S,Missing
694,0,3,male,25.0,0,0,7.225,C,Missing
695,0,1,male,60.0,0,0,26.55,S,Missing
696,0,2,male,52.0,0,0,13.5,S,Missing
697,0,3,male,44.0,0,0,8.05,S,Missing
698,1,3,female,51.0,0,0,7.7333,Q,Missing
699,0,1,male,49.0,1,1,110.8833,C,C
700,0,3,male,42.0,0,0,7.65,S,F
701,1,1,female,18.0,1,0,227.525,C,C
702,1,1,male,35.0,0,0,26.2875,S,E
703,0,3,female,18.0,0,1,14.4542,C,Missing
704,0,3,male,25.0,0,0,7.7417,Q,Missing
705,0,3,male,26.0,1,0,7.8542,S,Missing
706,0,2,male,39.0,0,0,26.0,S,Missing
707,1,2,female,45.0,0,0,13.5,S,Missing
708,1,1,male,42.0,0,0,26.2875,S,E
709,1,1,female,22.0,0,0,151.55,S,Missing
710,1,3,male,51.0,1,1,15.2458,C,Missing
711,1,1,female,24.0,0,0,49.5042,C,C
712,0,1,male,51.0,0,0,26.55,S,C
713,1,1,male,48.0,1,0,52.0,S,C
714,0,3,male,29.0,0,0,9.4833,S,Missing
715,0,2,male,52.0,0,0,13.0,S,Missing
716,0,3,male,19.0,0,0,7.65,S,F
717,1,1,female,38.0,0,0,227.525,C,C
718,1,2,female,27.0,0,0,10.5,S,E
719,0,3,male,51.0,0,0,15.5,Q,Missing
720,0,3,male,33.0,0,0,7.775,S,Missing
721,1,2,female,6.0,0,1,33.0,S,Missing
722,0,3,male,17.0,1,0,7.0542,S,Missing
723,0,2,male,34.0,0,0,13.0,S,Missing
724,0,2,male,50.0,0,0,13.0,S,Missing
725,1,1,male,27.0,1,0,53.1,S,E
726,0,3,male,20.0,0,0,8.6625,S,Missing
727,1,2,female,30.0,3,0,21.0,S,Missing
728,1,3,female,51.0,0,0,7.7375,Q,Missing
729,0,2,male,25.0,1,0,26.0,S,Missing
730,0,3,female,25.0,1,0,7.925,S,Missing
731,1,1,female,29.0,0,0,211.3375,S,B
732,0,3,male,11.0,0,0,18.7875,C,Missing
733,0,2,male,51.0,0,0,0.0,S,Missing
734,0,2,male,23.0,0,0,13.0,S,Missing
735,0,2,male,23.0,0,0,13.0,S,Missing
736,0,3,male,28.5,0,0,16.1,S,Missing
737,0,3,female,48.0,1,3,34.375,S,Missing
738,1,1,male,35.0,0,0,512.3292,C,B
739,0,3,male,51.0,0,0,7.8958,S,Missing
740,0,3,male,51.0,0,0,7.8958,S,Missing
741,1,1,male,51.0,0,0,30.0,S,D
742,0,1,male,36.0,1,0,78.85,S,C
743,1,1,female,21.0,2,2,262.375,C,B
744,0,3,male,24.0,1,0,16.1,S,Missing
745,1,3,male,31.0,0,0,7.925,S,Missing
746,0,1,male,70.0,1,1,71.0,S,B
747,0,3,male,16.0,1,1,20.25,S,Missing
748,1,2,female,30.0,0,0,13.0,S,Missing
749,0,1,male,19.0,1,0,53.1,S,D
750,0,3,male,31.0,0,0,7.75,Q,Missing
751,1,2,female,4.0,1,1,23.0,S,Missing
752,1,3,male,6.0,0,1,12.475,S,E
753,0,3,male,33.0,0,0,9.5,S,Missing
754,0,3,male,23.0,0,0,7.8958,S,Missing
755,1,2,female,48.0,1,2,65.0,S,Missing
756,1,2,male,0.67,1,1,14.5,S,Missing
757,0,3,male,28.0,0,0,7.7958,S,Missing
758,0,2,male,18.0,0,0,11.5,S,Missing
759,0,3,male,34.0,0,0,8.05,S,Missing
760,1,1,female,33.0,0,0,86.5,S,B
761,0,3,male,51.0,0,0,14.5,S,Missing
762,0,3,male,41.0,0,0,7.125,S,Missing
763,1,3,male,20.0,0,0,7.2292,C,Missing
764,1,1,female,36.0,1,2,120.0,S,B
765,0,3,male,16.0,0,0,7.775,S,Missing
766,1,1,female,51.0,1,0,77.9583,S,D
767,0,1,male,51.0,0,0,39.6,C,Missing
768,0,3,female,30.5,0,0,7.75,Q,Missing
769,0,3,male,51.0,1,0,24.15,Q,Missing
770,0,3,male,32.0,0,0,8.3625,S,Missing
771,0,3,male,24.0,0,0,9.5,S,Missing
772,0,3,male,48.0,0,0,7.8542,S,Missing
773,0,2,female,57.0,0,0,10.5,S,E
774,0,3,male,51.0,0,0,7.225,C,Missing
775,1,2,female,54.0,1,3,23.0,S,Missing
776,0,3,male,18.0,0,0,7.75,S,Missing
777,0,3,male,51.0,0,0,7.75,Q,F
778,1,3,female,5.0,0,0,12.475,S,Missing
779,0,3,male,51.0,0,0,7.7375,Q,Missing
780,1,1,female,43.0,0,1,211.3375,S,B
781,1,3,female,13.0,0,0,7.2292,C,Missing
782,1,1,female,17.0,1,0,57.0,S,B
783,0,1,male,29.0,0,0,30.0,S,D
784,0,3,male,51.0,1,2,23.45,S,Missing
785,0,3,male,25.0,0,0,7.05,S,Missing
786,0,3,male,25.0,0,0,7.25,S,Missing
787,1,3,female,18.0,0,0,7.4958,S,Missing
788,0,3,male,8.0,4,1,29.125,Q,Missing
789,1,3,male,1.0,1,2,20.575,S,Missing
790,0,1,male,46.0,0,0,79.2,C,B
791,0,3,male,51.0,0,0,7.75,Q,Missing
792,0,2,male,16.0,0,0,26.0,S,Missing
793,0,3,female,51.0,8,2,69.55,S,Missing
794,0,1,male,51.0,0,0,30.6958,C,Missing
795,0,3,male,25.0,0,0,7.8958,S,Missing
796,0,2,male,39.0,0,0,13.0,S,Missing
797,1,1,female,49.0,0,0,25.9292,S,D
798,1,3,female,31.0,0,0,8.6833,S,Missing
799,0,3,male,30.0,0,0,7.2292,C,Missing
800,0,3,female,30.0,1,1,24.15,S,Missing
801,0,2,male,34.0,0,0,13.0,S,Missing
802,1,2,female,31.0,1,1,26.25,S,Missing
803,1,1,male,11.0,1,2,120.0,S,B
804,1,3,male,0.42,0,1,8.5167,C,Missing
805,1,3,male,27.0,0,0,6.975,S,Missing
806,0,3,male,31.0,0,0,7.775,S,Missing
807,0,1,male,39.0,0,0,0.0,S,A
808,0,3,female,18.0,0,0,7.775,S,Missing
809,0,2,male,39.0,0,0,13.0,S,Missing
810,1,1,female,33.0,1,0,53.1,S,E
811,0,3,male,26.0,0,0,7.8875,S,Missing
812,0,3,male,39.0,0,0,24.15,S,Missing
813,0,2,male,35.0,0,0,10.5,S,Missing
814,0,3,female,6.0,4,2,31.275,S,Missing
815,0,3,male,30.5,0,0,8.05,S,Missing
816,0,1,male,51.0,0,0,0.0,S,B
817,0,3,female,23.0,0,0,7.925,S,Missing
818,0,2,male,31.0,1,1,37.0042,C,Missing
819,0,3,male,43.0,0,0,6.45,S,Missing
820,0,3,male,10.0,3,2,27.9,S,Missing
821,1,1,female,52.0,1,1,93.5,S,B
822,1,3,male,27.0,0,0,8.6625,S,Missing
823,0,1,male,38.0,0,0,0.0,S,Missing
824,1,3,female,27.0,0,1,12.475,S,E
825,0,3,male,2.0,4,1,39.6875,S,Missing
826,0,3,male,51.0,0,0,6.95,Q,Missing
827,0,3,male,51.0,0,0,56.4958,S,Missing
828,1,2,male,1.0,0,2,37.0042,C,Missing
829,1,3,male,51.0,0,0,7.75,Q,Missing
830,1,1,female,62.0,0,0,80.0,,B
831,1,3,female,15.0,1,0,14.4542,C,Missing
832,1,2,male,0.83,1,1,18.75,S,Missing
833,0,3,male,51.0,0,0,7.2292,C,Missing
834,0,3,male,23.0,0,0,7.8542,S,Missing
835,0,3,male,18.0,0,0,8.3,S,Missing
836,1,1,female,39.0,1,1,83.1583,C,E
837,0,3,male,21.0,0,0,8.6625,S,Missing
838,0,3,male,51.0,0,0,8.05,S,Missing
839,1,3,male,32.0,0,0,56.4958,S,Missing
840,1,1,male,51.0,0,0,29.7,C,C
841,0,3,male,20.0,0,0,7.925,S,Missing
842,0,2,male,16.0,0,0,10.5,S,Missing
843,1,1,female,30.0,0,0,31.0,C,Missing
844,0,3,male,34.5,0,0,6.4375,C,Missing
845,0,3,male,17.0,0,0,8.6625,S,Missing
846,0,3,male,42.0,0,0,7.55,S,Missing
847,0,3,male,51.0,8,2,69.55,S,Missing
848,0,3,male,35.0,0,0,7.8958,C,Missing
849,0,2,male,28.0,0,1,33.0,S,Missing
850,1,1,female,51.0,1,0,89.1042,C,C
851,0,3,male,4.0,4,2,31.275,S,Missing
852,0,3,male,74.0,0,0,7.775,S,Missing
853,0,3,female,9.0,1,1,15.2458,C,Missing
854,1,1,female,16.0,0,1,39.4,S,D
855,0,2,female,44.0,1,0,26.0,S,Missing
856,1,3,female,18.0,0,1,9.35,S,Missing
857,1,1,female,45.0,1,1,164.8667,S,Missing
858,1,1,male,51.0,0,0,26.55,S,E
859,1,3,female,24.0,0,3,19.2583,C,Missing
860,0,3,male,51.0,0,0,7.2292,C,Missing
861,0,3,male,41.0,2,0,14.1083,S,Missing
862,0,2,male,21.0,1,0,11.5,S,Missing
863,1,1,female,48.0,0,0,25.9292,S,D
864,0,3,female,51.0,8,2,69.55,S,Missing
865,0,2,male,24.0,0,0,13.0,S,Missing
866,1,2,female,42.0,0,0,13.0,S,Missing
867,1,2,female,27.0,1,0,13.8583,C,Missing
868,0,1,male,31.0,0,0,50.4958,S,A
869,0,3,male,51.0,0,0,9.5,S,Missing
870,1,3,male,4.0,1,1,11.1333,S,Missing
871,0,3,male,26.0,0,0,7.8958,S,Missing
872,1,1,female,47.0,1,1,52.5542,S,D
873,0,1,male,33.0,0,0,5.0,S,B
874,0,3,male,47.0,0,0,9.0,S,Missing
875,1,2,female,28.0,1,0,24.0,C,Missing
876,1,3,female,15.0,0,0,7.225,C,Missing
877,0,3,male,20.0,0,0,9.8458,S,Missing
878,0,3,male,19.0,0,0,7.8958,S,Missing
879,0,3,male,51.0,0,0,7.8958,S,Missing
880,1,1,female,56.0,0,1,83.1583,C,C
881,1,2,female,25.0,0,1,26.0,S,Missing
882,0,3,male,33.0,0,0,7.8958,S,Missing
883,0,3,female,22.0,0,0,10.5167,S,Missing
884,0,2,male,28.0,0,0,10.5,S,Missing
885,0,3,male,25.0,0,0,7.05,S,Missing
886,0,3,female,39.0,0,5,29.125,Q,Missing
887,0,2,male,27.0,0,0,13.0,S,Missing
888,1,1,female,19.0,0,0,30.0,S,B
889,0,3,female,51.0,1,2,23.45,S,Missing
890,1,1,male,26.0,0,0,30.0,C,C
891,0,3,male,32.0,0,0,7.75,Q,Missing
